Model,MAE,RMSE,R2
Linear,2.7215661954099603e-14,2.9395888582146035e-14,1.0
Stacked (LR+RF+MLP -> Ridge),0.0009960642780585205,0.001934383430736262,0.99999997646851
RandomForest,0.1355773627704928,0.2665785271842453,0.9995530956024042
MLP,0.72742601155429,0.9646698465923351,0.9941477656742361
